<?xml version="1.0" encoding="UTF-8"?>
<manifest>

  <remote  name="elementos"
           fetch="https://gitlab.com/elementos/"
           review="https://gitlab.com/elementos/" />

  <remote  name="aosp"
           fetch="https://android.googlesource.com/"
           review="https://android-review.googlesource.com/" />

  <default revision="refs/tags/android-master"
           remote="aosp"
           sync-j="4" />

  <!-- AOSP Projects -->
  <project path="build/make" name="platform/build" groups="pdk" >
    <copyfile src="core/root.mk" dest="Makefile" />
    <linkfile src="CleanSpec.mk" dest="build/CleanSpec.mk" />
    <linkfile src="buildspec.mk.default" dest="build/buildspec.mk.default" />
    <linkfile src="core" dest="build/core" />
    <linkfile src="envsetup.sh" dest="build/envsetup.sh" />
    <linkfile src="target" dest="build/target" />
    <linkfile src="tools" dest="build/tools" />
  </project>
  <project path="build/bazel" name="platform/build/bazel" groups="pdk" />
  <project path="build/pesto" name="platform/build/pesto" groups="pdk" />
  <project path="build/soong" name="platform/build/soong" groups="pdk,tradefed" />
  <project path="art" name="platform/art" groups="pdk" />
  <project path="bionic" name="platform/bionic" groups="pdk" />
  <project path="bootable/recovery" name="platform/bootable/recovery" groups="pdk" />
  <project path="bootable/libbootloader" name="platform/bootable/libbootloader" groups="pdk" />
  <project path="compatibility/cdd" name="platform/compatibility/cdd" groups="pdk" />
  <project path="cts" name="platform/cts" groups="cts,pdk-cmfw" />
  <project path="dalvik" name="platform/dalvik" groups="pdk-cmfw" />
  <project path="developers/build" name="platform/developers/build" groups="developers" />
  <project path="developers/demos" name="platform/developers/demos" groups="developers" />
  <project path="developers/samples/android" name="platform/developers/samples/android" groups="developers" />
  <project path="development" name="platform/development" groups="developers,pdk-cmfw" />
  <project path="device/common" name="device/common" groups="device,pdk-cmfw" />
  <project path="external/arm-optimized-routines" name="platform/external/arm-optimized-routines" groups="pdk" />
  <project path="external/arm-neon-tests" name="platform/external/arm-neon-tests" groups="pdk" />
  <project path="external/asan" name="platform/external/asan" groups="pdk" />
  <project path="external/brotli" name="platform/external/brotli" groups="pdk" />
  <project path="external/bzip2" name="platform/external/bzip2" groups="pdk" />
  <project path="external/capstone" name="platform/external/capstone" groups="pdk" />
  <project path="external/chromium-trace" name="platform/external/chromium-trace" groups="pdk" />
  <project path="external/clang" name="platform/external/clang" groups="pdk" />
  <project path="external/cmockery" name="platform/external/cmockery" groups="pdk" />
  <project path="external/compiler-rt" name="platform/external/compiler-rt" groups="pdk" />
  <project path="external/conscrypt" name="platform/external/conscrypt" groups="pdk" />
  <project path="external/crcalc" name="platform/external/crcalc" groups="pdk" />
  <project path="external/cros/system_api" name="platform/external/cros/system_api" groups="pdk" />
  <project path="external/dlmalloc" name="platform/external/dlmalloc" groups="pdk" />
  <project path="external/dng_sdk" name="platform/external/dng_sdk" groups="pdk" />
  <project path="external/drm_hwcomposer" name="platform/external/drm_hwcomposer" groups="pdk" />
  <project path="external/dtc" name="platform/external/dtc" groups="pdk" />
  <project path="external/e2fsprogs" name="platform/external/e2fsprogs" groups="pdk" />
  <project path="external/easymock" name="platform/external/easymock" groups="pdk" />
  <project path="external/eigen" name="platform/external/eigen" groups="pdk" />
  <project path="external/elfutils" name="platform/external/elfutils" groups="pdk" />
  <project path="external/emma" name="platform/external/emma" groups="pdk" />
  <project path="external/esd" name="platform/external/esd" groups="pdk" />
  <project path="external/expat" name="platform/external/expat" groups="pdk" />
  <project path="external/f2fs-tools" name="platform/external/f2fs-tools" groups="pdk" />
  <project path="external/fdlibm" name="platform/external/fdlibm" groups="pdk" />
  <project path="external/fec" name="platform/external/fec" groups="pdk" />
  <project path="external/freetype" name="platform/external/freetype" groups="pdk" />
  <project path="external/fsck-msr" name="platform/external/fsck-msr" groups="pdk" />
  <project path="external/gemmlowp" name="platform/external/gemmlowp" groups="pdk" />
  <project path="external/glide" name="platform/external/glide" groups="pdk" />
  <project path="external/gps" name="platform/external/gps" groups="pdk" />
  <project path="external/gtest-parallel" name="platform/external/gtest-parallel" groups="pdk" />
  <project path="external/hamcrest" name="platform/external/hamcrest" groups="pdk" />
  <project path="external/harfbuzz_ng" name="platform/external/harfbuzz_ng" groups="pdk" />
  <project path="external/icu" name="platform/external/icu" groups="pdk" />
  <project path="external/ims" name="platform/external/ims" groups="pdk" />
  <project path="external/iproute2" name="platform/external/iproute2" groups="pdk" />
  <project path="external/iptables" name="platform/external/iptables" groups="pdk" />
  <project path="external/iw" name="platform/external/iw" groups="pdk" />
  <project path="external/jacoco" name="platform/external/jacoco" groups="pdk" />
  <project path="external/jarjar" name="platform/external/jarjar" groups="pdk" />
  <project path="external/javapoet" name="platform/external/javapoet" groups="pdk" />
  <project path="external/jemalloc" name="platform/external/jemalloc" groups="pdk" />
  <project path="external/jline" name="platform/external/jline" groups="pdk" />
  <project path="external/jsilver" name="platform/external/jsilver" groups="pdk" />
  <project path="external/jsmn" name="platform/external/jsmn" groups="pdk" />
  <project path="external/jsoncpp" name="platform/external/jsoncpp" groups="pdk" />
  <project path="external/jsr305" name="platform/external/jsr305" groups="pdk" />
  <project path="external/junit" name="platform/external/junit" groups="pdk" />
  <project path="external/kernel-headers" name="platform/external/kernel-headers" groups="pdk" />
  <project path="external/kmod" name="platform/external/kmod" groups="pdk" />
  <project path="external/kotlinc" name="platform/external/kotlinc" groups="pdk" />
  <project path="external/libavc" name="platform/external/libavc" groups="pdk" />
  <project path="external/libbackup" name="platform/external/libbackup" groups="pdk" />
  <project path="external/libbrillo" name="platform/external/libbrillo" groups="pdk" />
  <project path="external/libcap" name="platform/external/libcap" groups="pdk" />
  <project path="external/libcups" name="platform/external/libcups" groups="pdk" />
  <project path="external/libcxx" name="platform/external/libcxx" groups="pdk" />
  <project path="external/libcxxabi" name="platform/external/libcxxabi" groups="pdk" />
  <project path="external/libdrm" name="platform/external/libdrm" groups="pdk" />
  <project path="external/libepoxy" name="platform/external/libepoxy" groups="pdk" />
  <project path="external/libevent" name="platform/external/libevent" groups="pdk" />
  <project path="external/libexif" name="platform/external/libexif" groups="pdk" />
  <project path="external/libffi" name="platform/external/libffi" groups="pdk" />
  <project path="external/libgav1" name="platform/external/libgav1" groups="pdk" />
  <project path="external/libhevc" name="platform/external/libhevc" groups="pdk" />
  <project path="external/libmpeg2" name="platform/external/libmpeg2" groups="pdk" />
  <project path="external/libnativehelper" name="platform/external/libnativehelper" groups="pdk" />
  <project path="external/libnl" name="platform/external/libnl" groups="pdk" />
  <project path="external/libogg" name="platform/external/libogg" groups="pdk" />
  <project path="external/libopus" name="platform/external/libopus" groups="pdk" />
  <project path="external/libpcap" name="platform/external/libpcap" groups="pdk" />
  <project path="external/libphonenumber" name="platform/external/libphonenumber" groups="pdk" />
  <project path="external/libpng" name="platform/external/libpng" groups="pdk" />
  <project path="external/libtextclassifier" name="platform/external/libtextclassifier" groups="pdk" />
  <project path="external/libunwind" name="platform/external/libunwind" groups="pdk" />
  <project path="external/libunwind_llvm" name="platform/external/libunwind_llvm" groups="pdk" />
  <project path="external/libvorbis" name="platform/external/libvorbis" groups="pdk" />
  <project path="external/libvpx" name="platform/external/libvpx" groups="pdk" />
  <project path="external/libxml2" name="platform/external/libxml2" groups="pdk" />
  <project path="external/libyuv" name="platform/external/libyuv" groups="pdk" />
  <project path="external/linux-kselftest" name="platform/external/linux-kselftest" groups="pdk" />
  <project path="external/llvm" name="platform/external/llvm" groups="pdk" />
  <project path="external/lmfit" name="platform/external/lmfit" groups="pdk" />
  <project path="external/ltp" name="platform/external/ltp" groups="pdk" />
  <project path="external/lz4" name="platform/external/lz4" groups="pdk" />
  <project path="external/lzma" name="platform/external/lzma" groups="pdk" />
  <project path="external/markdown" name="platform/external/markdown" groups="pdk" />
  <project path="external/mdnsresponder" name="platform/external/mdnsresponder" groups="pdk" />
  <project path="external/mesa3d" name="platform/external/mesa3d" groups="pdk" />
  <project path="external/mksh" name="platform/external/mksh" groups="pdk" />
  <project path="external/mockftpserver" name="platform/external/mockftpserver" groups="pdk" />
  <project path="external/mockito" name="platform/external/mockito" groups="pdk" />
  <project path="external/mockwebserver1" name="platform/external/mockwebserver1" groups="pdk" />
  <project path="external/mockwebserver2" name="platform/external/mockwebserver2" groups="pdk" />
  <project path="external/modp_b64" name="platform/external/modp_b64" groups="pdk" />
  <project path="external/mp4parser" name="platform/external/mp4parser" groups="pdk" />
  <project path="external/mtpd" name="platform/external/mtpd" groups="pdk" />
  <project path="external/nanopb-c" name="platform/external/nanopb-c" groups="pdk" />
  <project path="external/naver-fonts" name="platform/external/naver-fonts" groups="pdk" />
  <project path="external/neon_2_sse" name="platform/external/neon_2_sse" groups="pdk" />
  <project path="external/neven" name="platform/external/neven" groups="pdk" />
  <project path="external/nist-pkits" name="platform/external/nist-pkits" groups="pdk" />
  <project path="external/nist-sip" name="platform/external/nist-sip" groups="pdk" />
  <project path="external/nvidia" name="platform/external/nvidia" groups="pdk" />
  <project path="external/objenesis" name="platform/external/objenesis" groups="pdk" />
  <project path="external/oj-libjdwp" name="platform/external/oj-libjdwp" groups="pdk" />
  <project path="external/okhttp" name="platform/external/okhttp" groups="pdk" />
  <project path="external/one-true-awk" name="platform/external/one-true-awk" groups="pdk" />
  <project path="external/opencensus-java" name="platform/external/opencensus-java" groups="pdk" />
  <project path="external/openssh" name="platform/external/openssh" groups="pdk" />
  <project path="external/openssl" name="platform/external/openssl" groups="pdk" />
  <project path="external/owasp-asvs" name="platform/external/owasp-asvs" groups="pdk" />
  <project path="external/parameter-framework" name="platform/external/parameter-framework" groups="pdk" />
  <project path="external/pcre" name="platform/external/pcre" groups="pdk" />
  <project path="external/pdfium" name="platform/external/pdfium" groups="pdk" />
  <project path="external/piex" name="platform/external/piex" groups="pdk" />
  <project path="external/ply" name="platform/external/ply" groups="pdk" />
  <project path="external/ppp" name="platform/external/ppp" groups="pdk" />
  <project path="external/proguard" name="platform/external/proguard" groups="pdk" />
  <project path="external/protobuf" name="platform/external/protobuf" groups="pdk" />
  <project path="external/pthreadpool" name="platform/external/pthreadpool" groups="pdk" />
  <project path="external/python" name="platform/external/python" groups="pdk" />
  <project path="external/rappor" name="platform/external/rappor" groups="pdk" />
  <project path="external/regex" name="platform/external/regex" groups="pdk" />
  <project path="external/region-attach" name="platform/external/region-attach" groups="pdk" />
  <project path="external/replicaisland" name="platform/external/replicaisland" groups="pdk" />
  <project path="external/rmi4utils" name="platform/external/rmi4utils" groups="pdk" />
  <project path="external/robolectric" name="platform/external/robolectric" groups="pdk" />
  <project path="external/roboto-fonts" name="platform/external/roboto-fonts" groups="pdk" />
  <project path="external/rootdev" name="platform/external/rootdev" groups="pdk" />
  <project path="external/ruy" name="platform/external/ruy" groups="pdk" />
  <project path="external/safe-iop" name="platform/external/safe-iop" groups="pdk" />
  <project path="external/scapy" name="platform/external/scapy" groups="pdk" />
  <project path="external/scrypt" name="platform/external/scrypt" groups="pdk" />
  <project path="external/selinux" name="platform/external/selinux" groups="pdk" />
  <project path="external/setupcompat" name="platform/external/setupcompat" groups="pdk" />
  <project path="external/setupdesign" name="platform/external/setupdesign" groups="pdk" />
  <project path="external/sfntly" name="platform/external/sfntly" groups="pdk" />
  <project path="external/shaderc" name="platform/external/shaderc" groups="pdk" />
  <project path="external/split-select" name="platform/external/split-select" groups="pdk" />
  <project path="external/squashfs-tools" name="platform/external/squashfs-tools" groups="pdk" />
  <project path="external/strace" name="platform/external/strace" groups="pdk" />
  <project path="external/stressapptest" name="platform/external/stressapptest" groups="pdk" />
  <project path="external/subsampling-scale-image-view" name="platform/external/subsampling-scale-image-view" groups="pdk" />
  <project path="external/tcpdump" name="platform/external/tcpdump" groups="pdk" />
  <project path="external/testng" name="platform/external/testng" groups="pdk" />
  <project path="external/tinyalsa" name="platform/external/tinyalsa" groups="pdk" />
  <project path="external/tinycompress" name="platform/external/tinycompress" groups="pdk" />
  <project path="external/tinyxml" name="platform/external/tinyxml" groups="pdk" />
  <project path="external/tinyxml2" name="platform/external/tinyxml2" groups="pdk" />
  <project path="external/toolchain-utils" name="platform/external/toolchain-utils" groups="pdk" />
  <project path="external/tremolo" name="platform/external/tremolo" groups="pdk" />
  <project path="external/turbine" name="platform/external/turbine" groups="pdk" />
  <project path="external/ukey2" name="platform/external/ukey2" groups="pdk" />
  <project path="external/unicode" name="platform/external/unicode" groups="pdk" />
  <project path="external/universal-tween-engine" name="platform/external/universal-tween-engine" groups="pdk" />
  <project path="external/vboot_reference" name="platform/external/vboot_reference" groups="pdk" />
  <project path="external/vixl" name="platform/external/vixl" groups="pdk" />
  <project path="external/vogar" name="platform/external/vogar" groups="pdk" />
  <project path="external/vulkan-headers" name="platform/external/vulkan-headers" groups="pdk" />
  <project path="external/webp" name="platform/external/webp" groups="pdk" />
  <project path="external/webrtc" name="platform/external/webrtc" groups="pdk" />
  <project path="external/wpa_supplicant_8" name="platform/external/wpa_supplicant_8" groups="pdk" />
  <project path="external/wycheproof" name="platform/external/wycheproof" groups="pdk" />
  <project path="external/xmp_toolkit" name="platform/external/xmp_toolkit" groups="pdk" />
  <project path="external/zlib" name="platform/external/zlib" groups="pdk" />
  <project path="external/zopfli" name="platform/external/zopfli" groups="pdk" />
  <project path="external/zxing" name="platform/external/zxing" groups="pdk" />

  <project path="frameworks/av" name="platform/frameworks/av" groups="pdk-cmfw" />
  <project path="frameworks/base" name="platform/frameworks/base" groups="pdk-cmfw" />
  <project path="frameworks/compile/libbcc" name="platform/frameworks/compile/libbcc" groups="pdk" />
  <project path="frameworks/compile/mclinker" name="platform/frameworks/compile/mclinker" groups="pdk" />
  <project path="frameworks/compile/slang" name="platform/frameworks/compile/slang" groups="pdk" />
  <project path="frameworks/ex" name="platform/frameworks/ex" groups="pdk-cmfw" />
  <project path="frameworks/hardware/interfaces" name="platform/frameworks/hardware/interfaces" groups="pdk" />
  <project path="frameworks/layoutlib" name="platform/frameworks/layoutlib" groups="pdk-cmfw" />
  <project path="frameworks/minikin" name="platform/frameworks/minikin" groups="pdk-cmfw" />
  <project path="frameworks/ml" name="platform/frameworks/ml" groups="pdk" />
  <project path="frameworks/native" name="platform/frameworks/native" groups="pdk-cmfw" />
  <project path="frameworks/opt/bitmap" name="platform/frameworks/opt/bitmap" groups="pdk-cmfw" />
  <project path="frameworks/opt/calendar" name="platform/frameworks/opt/calendar" groups="pdk-cmfw" />
  <project path="frameworks/opt/chips" name="platform/frameworks/opt/chips" groups="pdk-cmfw" />
  <project path="frameworks/opt/colorpicker" name="platform/frameworks/opt/colorpicker" groups="pdk-cmfw" />
  <project path="frameworks/opt/cronet" name="platform/frameworks/opt/cronet" groups="pdk-cmfw" />
  <project path="frameworks/opt/datetimepicker" name="platform/frameworks/opt/datetimepicker" groups="pdk-cmfw" />
  <project path="frameworks/opt/photoviewer" name="platform/frameworks/opt/photoviewer" groups="pdk-cmfw" />
  <project path="frameworks/opt/setupwizard" name="platform/frameworks/opt/setupwizard" groups="pdk-cmfw" />
  <project path="frameworks/opt/telephony" name="platform/frameworks/opt/telephony" groups="pdk-cmfw" />
  <project path="frameworks/opt/timezonepicker" name="platform/frameworks/opt/timezonepicker" groups="pdk-cmfw" />
  <project path="frameworks/opt/vcard" name="platform/frameworks/opt/vcard" groups="pdk-cmfw" />
  <project path="frameworks/opt/widget" name="platform/frameworks/opt/widget" groups="pdk-cmfw" />
  <project path="frameworks/rs" name="platform/frameworks/rs" groups="pdk" />
  <project path="frameworks/wilhelm" name="platform/frameworks/wilhelm" groups="pdk-cmfw" />

  <project path="hardware/broadcom/libbt" name="platform/hardware/broadcom/libbt" groups="pdk" />
  <project path="hardware/broadcom/wlan" name="platform/hardware/broadcom/wlan" groups="pdk" />
  <project path="hardware/google/apf" name="platform/hardware/google/apf" groups="pdk" />
  <project path="hardware/google/av" name="platform/hardware/google/av" groups="pdk" />
  <project path="hardware/google/camera" name="platform/hardware/google/camera" groups="pdk" />
  <project path="hardware/google/easel" name="platform/hardware/google/easel" groups="pdk" />
  <project path="hardware/google/interfaces" name="platform/hardware/google/interfaces" groups="pdk" />
  <project path="hardware/google/pixel" name="platform/hardware/google/pixel" groups="pdk" />
  <project path="hardware/google/pixel-sepolicy" name="platform/hardware/google/pixel-sepolicy" groups="pdk" />
  <project path="hardware/interfaces" name="platform/hardware/interfaces" groups="pdk" />
  <project path="hardware/invensense" name="platform/hardware/invensense" groups="pdk" />
  <project path="hardware/knowles/athletica" name="platform/hardware/knowles/athletica" groups="pdk" />
  <project path="hardware/libhardware" name="platform/hardware/libhardware" groups="pdk" />
  <project path="hardware/libhardware_legacy" name="platform/hardware/libhardware_legacy" groups="pdk" />
  <project path="hardware/nxp" name="platform/hardware/nxp" groups="pdk" />
  <project path="hardware/qcom/audio" name="platform/hardware/qcom/audio" groups="qcom,pdk-qcom" />
  <project path="hardware/qcom/bootctrl" name="platform/hardware/qcom/bootctrl" groups="qcom,pdk-qcom" />
  <project path="hardware/qcom/camera" name="platform/hardware/qcom/camera" groups="qcom,pdk-qcom" />
  <project path="hardware/qcom/data/ipacfg-mgr" name="platform/hardware/qcom/data/ipacfg-mgr" groups="qcom,pdk-qcom" />
  <project path="hardware/qcom/display" name="platform/hardware/qcom/display" groups="qcom,pdk-qcom" />
  <project path="hardware/qcom/gps" name="platform/hardware/qcom/gps" groups="qcom,pdk-qcom" />
  <project path="hardware/qcom/keymaster" name="platform/hardware/qcom/keymaster" groups="qcom,pdk-qcom" />
  <project path="hardware/qcom/media" name="platform/hardware/qcom/media" groups="qcom,pdk-qcom" />
  <project path="hardware/qcom/msm8960" name="platform/hardware/qcom/msm8960" groups="qcom,pdk-qcom" />
  <project path="hardware/qcom/msm8994" name="platform/hardware/qcom/msm8994" groups="qcom,pdk-qcom" />
  <project path="hardware/qcom/msm8996" name="platform/hardware/qcom/msm8996" groups="qcom,pdk-qcom" />
  <project path="hardware/qcom/msm8998" name="platform/hardware/qcom/msm8998" groups="qcom,pdk-qcom" />
  <project path="hardware/qcom/power" name="platform/hardware/qcom/power" groups="qcom,pdk-qcom" />
  <project path="hardware/qcom/thermal" name="platform/hardware/qcom/thermal" groups="qcom,pdk-qcom" />
  <project path="hardware/qcom/vr" name="platform/hardware/qcom/vr" groups="qcom,pdk-qcom" />
  <project path="hardware/qcom/wlan" name="platform/hardware/qcom/wlan" groups="qcom,pdk-qcom" />
  <project path="hardware/ril" name="platform/hardware/ril" groups="pdk" />
  <project path="hardware/st/nfc" name="platform/hardware/st/nfc" groups="pdk" />
  <project path="hardware/ti/am57x" name="platform/hardware/ti/am57x" groups="pdk" />
  <project path="hardware/ti/omap3" name="platform/hardware/ti/omap3" groups="pdk" />
  <project path="hardware/ti/omap4" name="platform/hardware/ti/omap4" groups="pdk" />

  <project path="libcore" name="platform/libcore" groups="pdk" />
  <project path="libnativehelper" name="platform/libnativehelper" groups="pdk" />

  <project path="packages/apps/BasicSmsReceiver" name="platform/packages/apps/BasicSmsReceiver" groups="pdk-cmfw" />
  <project path="packages/apps/Bluetooth" name="platform/packages/apps/Bluetooth" groups="pdk-cmfw" />
  <project path="packages/apps/Browser2" name="platform/packages/apps/Browser2" groups="pdk-cmfw" />
  <project path="packages/apps/Calculator" name="platform/packages/apps/Calculator" groups="pdk-cmfw" />
  <project path="packages/apps/Calendar" name="platform/packages/apps/Calendar" groups="pdk-cmfw" />
  <project path="packages/apps/Camera2" name="platform/packages/apps/Camera2" groups="pdk-cmfw" />
  <project path="packages/apps/CellBroadcastReceiver" name="platform/packages/apps/CellBroadcastReceiver" groups="pdk-cmfw" />
  <project path="packages/apps/CertInstaller" name="platform/packages/apps/CertInstaller" groups="pdk-cmfw" />
  <project path="packages/apps/Contacts" name="platform/packages/apps/Contacts" groups="pdk-cmfw" />
  <project path="packages/apps/DeskClock" name="platform/packages/apps/DeskClock" groups="pdk-cmfw" />
  <project path="packages/apps/DevCamera" name="platform/packages/apps/DevCamera" groups="pdk" />
  <project path="packages/apps/Dialer" name="platform/packages/apps/Dialer" groups="pdk-cmfw" />
  <project path="packages/apps/EmergencyInfo" name="platform/packages/apps/EmergencyInfo" groups="pdk-cmfw" />
  <project path="packages/apps/Gallery" name="platform/packages/apps/Gallery" groups="pdk-cmfw" />
  <project path="packages/apps/Gallery2" name="platform/packages/apps/Gallery2" groups="pdk-cmfw" />
  <project path="packages/apps/HTMLViewer" name="platform/packages/apps/HTMLViewer" groups="pdk-cmfw" />
  <project path="packages/apps/KeyChain" name="platform/packages/apps/KeyChain" groups="pdk-cmfw" />
  <project path="packages/apps/Launcher3" name="platform/packages/apps/Launcher3" groups="pdk-cmfw" />
  <project path="packages/apps/LegacyCamera" name="platform/packages/apps/LegacyCamera" groups="pdk-cmfw" />
  <project path="packages/apps/ManagedProvisioning" name="platform/packages/apps/ManagedProvisioning" groups="pdk-cmfw" />
  <project path="packages/apps/Messaging" name="platform/packages/apps/Messaging" groups="pdk-cmfw" />
  <project path="packages/apps/MusicFX" name="platform/packages/apps/MusicFX" groups="pdk-cmfw" />
  <project path="packages/apps/OnDeviceAppPrediction" name="platform/packages/apps/OnDeviceAppPrediction" groups="pdk-cmfw" />
  <project path="packages/apps/PackageInstaller" name="platform/packages/apps/PackageInstaller" groups="pdk-cmfw" />
  <project path="packages/apps/Phone" name="platform/packages/apps/Phone" groups="pdk-cmfw" />
  <project path="packages/apps/Protips" name="platform/packages/apps/Protips" groups="pdk-cmfw" />
  <project path="packages/apps/QuickSearchBox" name="platform/packages/apps/QuickSearchBox" groups="pdk-cmfw" />
  <project path="packages/apps/QuickSettings" name="platform/packages/apps/QuickSettings" groups="pdk-cmfw" />
  <project path="packages/apps/SafetyRegulatoryInfo" name="platform/packages/apps/SafetyRegulatoryInfo" groups="pdk-cmfw" />
  <project path="packages/apps/SecureElement" name="platform/packages/apps/SecureElement" groups="pdk-cmfw" />
  <project path="packages/apps/Settings" name="platform/packages/apps/Settings" groups="pdk-cmfw" />
  <project path="packages/apps/SetupWizard" name="platform/packages/apps/SetupWizard" groups="pdk-cmfw" />
  <project path="packages/apps/SoundRecorder" name="platform/packages/apps/SoundRecorder" groups="pdk-cmfw" />
  <project path="packages/apps/SpareParts" name="platform/packages/apps/SpareParts" groups="pdk-cmfw" />
  <project path="packages/apps/SpeechRecorder" name="platform/packages/apps/SpeechRecorder" groups="pdk-cmfw" />
  <project path="packages/apps/Stk" name="platform/packages/apps/Stk" groups="pdk-cmfw" />
  <project path="packages/apps/StorageManager" name="packagees/apps/StorageManager" groups="pdk-cmfw" />
  <project path="packages/apps/Tag" name="platform/packages/apps/Tag" groups="pdk-cmfw" />
  <project path="packages/apps/Terminal" name="platform/packages/apps/Terminal" groups="pdk-cmfw" />
  <project path="packages/apps/TestHarness" name="platform/packages/apps/TestHarness" groups="pdk-cmfw" />
  <project path="packages/apps/TimeZoneData" name="platform/packages/apps/TimeZoneData" groups="pdk-cmfw" />
  <project path="packages/apps/ThemePicker" name="platform/packages/apps/ThemePicker" groups="pdk-cmfw" />
  <project path="packages/apps/TvSettings" name="platform/packages/apps/TvSettings" groups="pdk-cmfw" />
  <project path="packages/apps/UnifiedEmail" name="platform/packages/apps/UnifiedEmail" groups="pdk-cmfw" />
  <project path="packages/apps/WallpaperPicker" name="platform/packages/apps/WallpaperPicker" groups="pdk-cmfw" />
  <project path="packages/inputmethods/LatinIME" name="platform/packages/inputmethods/LatinIME" groups="pdk-cmfw" />
  <project path="packages/inputmethods/LeanbackIME" name="platform/packages/inputmethods/LeanbackIME" groups="pdk-cmfw" />
  <project path="packages/modules/DnsResolver" name="platform/packages/modules/DnsResolver" groups="pdk-cmfw" />
  <project path="packages/modules/NetworkStack" name="platform/packages/modules/NetworkStack" groups="pdk-cmfw" />
  <project path="packages/modules/TestModule" name="platform/packages/modules/TestModule" groups="pdk" />
  <project path="packages/providers/BlockedNumberProvider" name="platform/packages/providers/BlockedNumberProvider" groups="pdk-cmfw" />
  <project path="packages/providers/CalendarProvider" name="platform/packages/providers/CalendarProvider" groups="pdk-cmfw" />
  <project path="packages/providers/CallLogProvider" name="platform/packages/providers/CallLogProvider" groups="pdk-cmfw" />
  <project path="packages/providers/ContactsProvider" name="platform/packages/providers/ContactsProvider" groups="pdk-cmfw" />
  <project path="packages/providers/DownloadProvider" name="platform/packages/providers/DownloadProvider" groups="pdk-cmfw" />
  <project path="packages/providers/MediaProvider" name="platform/packages/providers/MediaProvider" groups="pdk-cmfw" />
  <project path="packages/providers/TelephonyProvider" name="platform/packages/providers/TelephonyProvider" groups="pdk-cmfw" />
  <project path="packages/providers/TvProvider" name="platform/packages/providers/TvProvider" groups="pdk-cmfw" />
  <project path="packages/providers/UserDictionaryProvider" name="platform/packages/providers/UserDictionaryProvider" groups="pdk-cmfw" />
  <project path="packages/screensavers/Basic" name="platform/packages/screensavers/Basic" groups="pdk-cmfw" />
  <project path="packages/screensavers/PhotoTable" name="platform/packages/screensavers/PhotoTable" groups="pdk-cmfw" />
  <project path="packages/screensavers/WebView" name="platform/packages/screensavers/WebView" groups="pdk-cmfw" />
  <project path="packages/services/BuiltInPrintService" name="platform/packages/services/BuiltInPrintService" groups="pdk-cmfw" />
  <project path="packages/services/Car" name="platform/packages/services/Car" groups="pdk-cmfw" />
  <project path="packages/services/Dialer" name="platform/packages/services/Dialer" groups="pdk-cmfw" />
  <project path="packages/services/Mms" name="platform/packages/services/Mms" groups="pdk-cmfw" />
  <project path="packages/services/Mtp" name="platform/packages/services/Mtp" groups="pdk-cmfw" />
  <project path="packages/services/Telecomm" name="platform/packages/services/Telecomm" groups="pdk-cmfw" />
  <project path="packages/services/Telephony" name="platform/packages/services/Telephony" groups="pdk-cmfw" />
  <project path="packages/wallpapers/LivePicker" name="platform/packages/wallpapers/LivePicker" groups="pdk-cmfw" />

  <project path="pdk" name="platform/pdk" groups="pdk" />
  <project path="platform_testing" name="platform/platform_testing" groups="pdk" />

  <project path="prebuilts/build-tools" name="platform/prebuilts/build-tools" groups="pdk,tradefed" clone-depth="1" />
  <project path="prebuilts/jdk/jdk11" name="platform/prebuilts/jdk/jdk11" groups="pdk" clone-depth="1" />
  <project path="prebuilts/jdk/jdk17" name="platform/prebuilts/jdk/jdk17" groups="pdk" clone-depth="1" />
  <project path="prebuilts/jdk/jdk8" name="platform/prebuilts/jdk/jdk8" groups="pdk" clone-depth="1" />
  <project path="prebuilts/jdk/jdk9" name="platform/prebuilts/jdk/jdk9" groups="pdk" clone-depth="1" />
  <project path="prebuilts/misc" name="platform/prebuilts/misc" groups="pdk" clone-depth="1" />
  <project path="prebuilts/ndk" name="platform/prebuilts/ndk" groups="pdk" clone-depth="1" />
  <project path="prebuilts/python/linux-x86/2.7.5" name="platform/prebuilts/python/linux-x86/2.7.5" groups="pdk,linux" clone-depth="1" />
  <project path="prebuilts/python/linux-x86/3.6" name="platform/prebuilts/python/linux-x86/3.6" groups="pdk,linux" clone-depth="1" />
  <project path="prebuilts/python/linux-x86/3.7" name="platform/prebuilts/python/linux-x86/3.7" groups="pdk,linux" clone-depth="1" />
  <project path="prebuilts/python/linux-x86/3.8" name="platform/prebuilts/python/linux-x86/3.8" groups="pdk,linux" clone-depth="1" />
  <project path="prebuilts/python/linux-x86/3.9" name="platform/prebuilts/python/linux-x86/3.9" groups="pdk,linux" clone-depth="1" />
  <project path="prebuilts/qemu-kernel" name="platform/prebuilts/qemu-kernel" groups="pdk" clone-depth="1" />
  <project path="prebuilts/remoteexecution-client" name="platform/prebuilts/remoteexecution-client" groups="pdk" clone-depth="1" />
  <project path="prebuilts/runtime" name="platform/prebuilts/runtime" groups="pdk" clone-depth="1" />
  <project path="prebuilts/tools" name="platform/prebuilts/tools" groups="pdk,tradefed" clone-depth="1" />
  <project path="prebuilts/vndk/v28" name="platform/prebuilts/vndk/v28" groups="pdk" clone-depth="1" />
  <project path="prebuilts/vndk/v29" name="platform/prebuilts/vndk/v29" groups="pdk" clone-depth="1" />
  <project path="prebuilts/vndk/v30" name="platform/prebuilts/vndk/v30" groups="pdk" clone-depth="1" />
  <project path="prebuilts/vndk/v31" name="platform/prebuilts/vndk/v31" groups="pdk" clone-depth="1" />
  <project path="prebuilts/vndk/v32" name="platform/prebuilts/vndk/v32" groups="pdk" clone-depth="1" />
  <project path="prebuilts/vndk/v33" name="platform/prebuilts/vndk/v33" groups="pdk" clone-depth="1" />

  <project path="sdk" name="platform/sdk" groups="pdk-cmfw" />
  <project path="system/apex" name="platform/system/apex" groups="pdk" />
  <project path="system/bpf" name="platform/system/bpf" groups="pdk" />
  <project path="system/bpfprogs" name="platform/system/bpfprogs" groups="pdk" />
  <project path="system/ca-certificates" name="platform/system/ca-certificates" groups="pdk" />
  <project path="system/chre" name="platform/system/chre" groups="pdk" />
  <project path="system/connectivity/wificond" name="platform/system/connectivity/wificond" groups="pdk" />
  <project path="system/connectivity/wifilogd" name="platform/system/connectivity/wifilogd" groups="pdk" />
  <project path="system/connectivity/wifitracing" name="platform/system/connectivity/wifitracing" groups="pdk" />
  <project path="system/core" name="platform/system/core" groups="pdk" />
  <project path="system/extras" name="platform/system/extras" groups="pdk" />
  <project path="system/gatekeeper" name="platform/system/gatekeeper" groups="pdk" />
  <project path="system/gsid" name="platform/system/gsid" groups="pdk" />
  <project path="system/hardware/interfaces" name="platform/system/hardware/interfaces" groups="pdk" />
  <project path="system/hwservicemanager" name="platform/system/hwservicemanager" groups="pdk" />
  <project path="system/iorap" name="platform/system/iorap" groups="pdk" />
  <project path="system/keymaster" name="platform/system/keymaster" groups="pdk" />
  <project path="system/libartpalette" name="platform/system/libartpalette" groups="pdk" />
  <project path="system/libbase" name="platform/system/libbase" groups="pdk" />
  <project path="system/libbinder" name="platform/system/libbinder" groups="pdk" />
  <project path="system/libfmq" name="platform/system/libfmq" groups="pdk" />
  <project path="system/libhidl" name="platform/system/libhidl" groups="pdk" />
  <project path="system/libhwbinder" name="platform/system/libhwbinder" groups="pdk" />
  <project path="system/libsysprop" name="platform/system/libsysprop" groups="pdk" />
  <project path="system/libufdt" name="platform/system/libufdt" groups="pdk" />
  <project path="system/libvintf" name="platform/system/libvintf" groups="pdk" />
  <project path="system/libziparchive" name="platform/system/libziparchive" groups="pdk" />
  <project path="system/media" name="platform/system/media" groups="pdk" />
  <project path="system/memory/libion" name="platform/system/memory/libion" groups="pdk" />
  <project path="system/memory/libmeminfo" name="platform/system/memory/libmeminfo" groups="pdk" />
  <project path="system/memory/libmemtrack" name="platform/system/memory/libmemtrack" groups="pdk" />
  <project path="system/netd" name="platform/system/netd" groups="pdk" />
  <project path="system/nfc" name="platform/system/nfc" groups="pdk" />
  <project path="system/security" name="platform/system/security" groups="pdk" />
  <project path="system/sepolicy" name="platform/system/sepolicy" groups="pdk" />
  <project path="system/teeui" name="platform/system/teeui" groups="pdk" />
  <project path="system/testing/gtest_extras" name="platform/system/testing/gtest_extras" groups="pdk" />
  <project path="system/timezone" name="platform/system/timezone" groups="pdk" />
  <project path="system/tools/aidl" name="platform/system/tools/aidl" groups="pdk" />
  <project path="system/tools/hidl" name="platform/system/tools/hidl" groups="pdk" />
  <project path="system/tools/sysprop" name="platform/system/tools/sysprop" groups="pdk" />
  <project path="system/ulib" name="platform/system/ulib" groups="pdk" />
  <project path="system/update_engine" name="platform/system/update_engine" groups="pdk" />
  <project path="system/vold" name="platform/system/vold" groups="pdk" />

  <project path="tools/apifinder" name="platform/tools/apifinder" groups="tools" />
  <project path="tools/apksig" name="platform/tools/apksig" groups="tools" />
  <project path="tools/apkzlib" name="platform/tools/apkzlib" groups="tools" />
  <project path="tools/atest" name="platform/tools/atest" groups="tools" />
  <project path="tools/tradefederation/prebuilts" name="platform/tools/tradefederation/prebuilts" groups="tools,tradefed" />
  <project path="tools/tradefederation/core" name="platform/tools/tradefederation/core" groups="tools,tradefed" />

  <!-- ElementOS Custom Projects -->
  <project path="device/samsung/r8s" name="device_samsung_r8s" remote="elementos" />
  <project path="kernel/samsung/exynos990" name="kernel_samsung_exynos990" remote="elementos" />
  <project path="vendor_elementos" name="vendor_elementos" remote="elementos" />
  <project path="vendor/samsung/r8s" name="vendor_samsung_r8s" remote="elementos" />
  <project path="manifest" name="manifest" remote="elementos" />
  <project path="scripts" name="scripts" remote="elementos" />
  <project path="docs" name="docs" remote="elementos" />

</manifest>